{
	"schemaVersion": 1,
	"id": "fish-lib",
	"version": "${version}",
	"name": "Fish Lib",
	"description": "This is an example description! Tell everyone what your mod is about!",
	"authors": [
		"Me!"
	],
	"contact": {
		"homepage": "https://fabricmc.net/",
		"sources": "https://github.com/FabricMC/fabric-example-mod"
	},
	"license": "CC0-1.0",
	"icon": "assets/fish-lib/icon.png",
	"environment": "*",
	"entrypoints": {
		"main": [
			"eu.raspberrymods.fishlib.FishLib"
		],
		"client": [
			"eu.raspberrymods.fishlib.FishLibClient"
		],
		"fabric-datagen": [
			"eu.raspberrymods.fishlib.FishLibDataGenerator"
		]
	},
	"mixins": [
		"fish-lib.mixins.json",
		{
			"config": "fish-lib.client.mixins.json",
			"environment": "client"
		}
	],
	"depends": {
		"fabricloader": ">=0.15.11",
		"minecraft": "~1.21",
		"java": ">=21",
		"fabric-api": "*"
	},
	"suggests": {
		"another-mod": "*"
	}
}